"Employed people, Australia, August 1966 to July 2025, Seasonally adjusted"
,"Persons ('000)","Males ('000)","Females ('000)"
"Aug-66","4,836.1","3,373.5","1,462.4"
"Sep-66","4,836.1","3,373.5","1,462.4"
"Oct-66","4,855.3","3,383.5","1,475.4"
"Nov-66","4,855.3","3,383.5","1,475.4"
"Dec-66","4,855.3","3,383.5","1,475.4"
"Jan-67","4,886.3","3,388.3","1,494.9"
"Feb-67","4,886.3","3,388.3","1,494.9"
"Mar-67","4,886.3","3,388.3","1,494.9"
"Apr-67","4,907.5","3,401.3","1,506.0"
"May-67","4,907.5","3,401.3","1,506.0"
"Jun-67","4,907.5","3,401.3","1,506.0"
"Jul-67","4,945.7","3,417.7","1,528.0"
"Aug-67","4,945.7","3,417.7","1,528.0"
"Sep-67","4,945.7","3,417.7","1,528.0"
"Oct-67","4,972.4","3,443.2","1,532.4"
"Nov-67","4,972.4","3,443.2","1,532.4"
"Dec-67","4,972.4","3,443.2","1,532.4"
"Jan-68","5,003.3","3,449.1","1,551.5"
"Feb-68","5,003.3","3,449.1","1,551.5"
"Mar-68","5,003.3","3,449.1","1,551.5"
"Apr-68","5,033.0","3,462.2","1,570.5"
"May-68","5,033.0","3,462.2","1,570.5"
"Jun-68","5,033.0","3,462.2","1,570.5"
"Jul-68","5,068.6","3,485.3","1,583.4"
"Aug-68","5,068.6","3,485.3","1,583.4"
"Sep-68","5,068.6","3,485.3","1,583.4"
"Oct-68","5,079.5","3,499.5","1,582.6"
"Nov-68","5,079.5","3,499.5","1,582.6"
"Dec-68","5,079.5","3,499.5","1,582.6"
"Jan-69","5,139.6","3,525.3","1,612.0"
"Feb-69","5,139.6","3,525.3","1,612.0"
"Mar-69","5,139.6","3,525.3","1,612.0"
"Apr-69","5,159.2","3,538.7","1,620.5"
"May-69","5,159.2","3,538.7","1,620.5"
"Jun-69","5,159.2","3,538.7","1,620.5"
"Jul-69","5,196.4","3,553.3","1,643.1"
"Aug-69","5,196.4","3,553.3","1,643.1"
"Sep-69","5,196.4","3,553.3","1,643.1"
"Oct-69","5,253.9","3,574.9","1,680.8"
"Nov-69","5,253.9","3,574.9","1,680.8"
"Dec-69","5,253.9","3,574.9","1,680.8"
"Jan-70","5,320.6","3,617.4","1,701.0"
"Feb-70","5,320.6","3,617.4","1,701.0"
"Mar-70","5,320.6","3,617.4","1,701.0"
"Apr-70","5,369.6","3,637.0","1,733.5"
"May-70","5,369.6","3,637.0","1,733.5"
"Jun-70","5,369.6","3,637.0","1,733.5"
"Jul-70","5,410.1","3,654.4","1,755.6"
"Aug-70","5,410.1","3,654.4","1,755.6"
"Sep-70","5,410.1","3,654.4","1,755.6"
"Oct-70","5,448.4","3,663.1","1,785.8"
"Nov-70","5,448.4","3,663.1","1,785.8"
"Dec-70","5,448.4","3,663.1","1,785.8"
"Jan-71","5,482.3","3,683.2","1,797.6"
"Feb-71","5,482.3","3,683.2","1,797.6"
"Mar-71","5,482.3","3,683.2","1,797.6"
"Apr-71","5,523.0","3,700.8","1,823.8"
"May-71","5,523.0","3,700.8","1,823.8"
"Jun-71","5,523.0","3,700.8","1,823.8"
"Jul-71","5,532.4","3,720.4","1,811.6"
"Aug-71","5,532.4","3,720.4","1,811.6"
"Sep-71","5,532.4","3,720.4","1,811.6"
"Oct-71","5,527.1","3,723.6","1,803.3"
"Nov-71","5,527.1","3,723.6","1,803.3"
"Dec-71","5,527.1","3,723.6","1,803.3"
"Jan-72","5,537.0","3,730.1","1,805.9"
"Feb-72","5,537.0","3,730.1","1,805.9"
"Mar-72","5,537.0","3,730.1","1,805.9"
"Apr-72","5,562.1","3,748.2","1,816.2"
"May-72","5,562.1","3,748.2","1,816.2"
"Jun-72","5,562.1","3,748.2","1,816.2"
"Jul-72","5,629.8","3,767.0","1,861.6"
"Aug-72","5,629.8","3,767.0","1,861.6"
"Sep-72","5,629.8","3,767.0","1,861.6"
"Oct-72","5,675.0","3,788.2","1,885.9"
"Nov-72","5,675.0","3,788.2","1,885.9"
"Dec-72","5,675.0","3,788.2","1,885.9"
"Jan-73","5,704.1","3,793.4","1,910.4"
"Feb-73","5,704.1","3,793.4","1,910.4"
"Mar-73","5,704.1","3,793.4","1,910.4"
"Apr-73","5,711.1","3,794.5","1,920.0"
"May-73","5,711.1","3,794.5","1,920.0"
"Jun-73","5,711.1","3,794.5","1,920.0"
"Jul-73","5,807.5","3,851.0","1,953.8"
"Aug-73","5,807.5","3,851.0","1,953.8"
"Sep-73","5,807.5","3,851.0","1,953.8"
"Oct-73","5,836.5","3,861.2","1,974.6"
"Nov-73","5,836.5","3,861.2","1,974.6"
"Dec-73","5,836.5","3,861.2","1,974.6"
"Jan-74","5,900.2","3,883.1","2,016.9"
"Feb-74","5,900.2","3,883.1","2,016.9"
"Mar-74","5,900.2","3,883.1","2,016.9"
"Apr-74","5,905.8","3,882.7","2,027.9"
"May-74","5,905.8","3,882.7","2,027.9"
"Jun-74","5,905.8","3,882.7","2,027.9"
"Jul-74","5,883.0","3,859.9","2,019.0"
"Aug-74","5,883.0","3,859.9","2,019.0"
"Sep-74","5,883.0","3,859.9","2,019.0"
"Oct-74","5,875.5","3,849.2","2,025.7"
"Nov-74","5,875.5","3,849.2","2,025.7"
"Dec-74","5,875.5","3,849.2","2,025.7"
"Jan-75","5,827.7","3,822.7","2,005.2"
"Feb-75","5,827.7","3,822.7","2,005.2"
"Mar-75","5,827.7","3,822.7","2,005.2"
"Apr-75","5,836.3","3,827.1","2,013.8"
"May-75","5,836.3","3,827.1","2,013.8"
"Jun-75","5,836.3","3,827.1","2,013.8"
"Jul-75","5,870.5","3,834.6","2,031.2"
"Aug-75","5,870.5","3,834.6","2,031.2"
"Sep-75","5,870.5","3,834.6","2,031.2"
"Oct-75","5,931.2","3,840.7","2,089.8"
"Nov-75","5,931.2","3,840.7","2,089.8"
"Dec-75","5,931.2","3,840.7","2,089.8"
"Jan-76","5,949.9","3,856.1","2,095.1"
"Feb-76","5,949.9","3,856.1","2,095.1"
"Mar-76","5,949.9","3,856.1","2,095.1"
"Apr-76","5,964.6","3,874.3","2,094.2"
"May-76","5,964.6","3,874.3","2,094.2"
"Jun-76","5,964.6","3,874.3","2,094.2"
"Jul-76","5,926.7","3,850.6","2,071.5"
"Aug-76","5,926.7","3,850.6","2,071.5"
"Sep-76","5,926.7","3,850.6","2,071.5"
"Oct-76","5,942.5","3,872.0","2,070.5"
"Nov-76","5,942.5","3,872.0","2,070.5"
"Dec-76","5,942.5","3,872.0","2,070.5"
"Jan-77","5,987.4","3,882.2","2,107.0"
"Feb-77","5,987.4","3,882.2","2,107.0"
"Mar-77","5,987.4","3,882.2","2,107.0"
"Apr-77","6,005.8","3,878.7","2,129.5"
"May-77","6,005.8","3,878.7","2,129.5"
"Jun-77","6,005.8","3,878.7","2,129.5"
"Jul-77","6,022.9","3,881.7","2,137.2"
"Aug-77","6,022.9","3,881.7","2,137.2"
"Sep-77","6,022.9","3,881.7","2,137.2"
"Oct-77","5,984.1","3,873.7","2,110.5"
"Nov-77","5,984.1","3,873.7","2,110.5"
"Dec-77","5,984.1","3,873.7","2,110.5"
"Jan-78","5,997.9","3,881.2","2,116.6"
"Feb-78","5,997.8","3,881.3","2,116.5"
"Mar-78","6,003.3","3,884.8","2,118.5"
"Apr-78","6,030.8","3,888.6","2,142.1"
"May-78","6,033.5","3,885.9","2,147.6"
"Jun-78","6,033.9","3,882.9","2,151.0"
"Jul-78","6,030.6","3,873.1","2,157.6"
"Aug-78","6,036.5","3,872.6","2,163.9"
"Sep-78","6,030.8","3,870.3","2,160.5"
"Oct-78","6,035.9","3,875.8","2,160.1"
"Nov-78","6,028.4","3,877.9","2,150.5"
"Dec-78","6,053.5","3,891.4","2,162.1"
"Jan-79","6,053.1","3,892.1","2,161.0"
"Feb-79","6,063.7","3,901.0","2,162.7"
"Mar-79","6,056.0","3,902.8","2,153.3"
"Apr-79","6,064.7","3,910.2","2,154.5"
"May-79","6,070.6","3,919.5","2,151.1"
"Jun-79","6,099.5","3,928.0","2,171.5"
"Jul-79","6,097.6","3,930.3","2,167.3"
"Aug-79","6,115.0","3,945.0","2,170.0"
"Sep-79","6,117.0","3,943.1","2,173.9"
"Oct-79","6,152.2","3,947.9","2,204.3"
"Nov-79","6,180.6","3,960.2","2,220.4"
"Dec-79","6,184.2","3,962.1","2,222.1"
"Jan-80","6,205.2","3,964.7","2,240.6"
"Feb-80","6,222.0","3,966.4","2,255.6"
"Mar-80","6,233.3","3,966.8","2,266.5"
"Apr-80","6,246.8","3,975.4","2,271.4"
"May-80","6,268.3","3,992.6","2,275.6"
"Jun-80","6,275.5","3,985.2","2,290.2"
"Jul-80","6,306.7","3,997.4","2,309.3"
"Aug-80","6,315.9","4,008.2","2,307.6"
"Sep-80","6,317.9","4,006.4","2,311.5"
"Oct-80","6,307.1","4,012.4","2,294.7"
"Nov-80","6,328.8","4,028.4","2,300.3"
"Dec-80","6,351.7","4,047.9","2,303.7"
"Jan-81","6,357.0","4,049.5","2,307.5"
"Feb-81","6,373.0","4,057.5","2,315.6"
"Mar-81","6,377.0","4,069.8","2,307.2"
"Apr-81","6,404.1","4,071.7","2,332.4"
"May-81","6,405.4","4,073.1","2,332.4"
"Jun-81","6,420.9","4,076.2","2,344.7"
"Jul-81","6,418.6","4,079.9","2,338.7"
"Aug-81","6,434.7","4,084.7","2,350.0"
"Sep-81","6,459.4","4,083.4","2,376.0"
"Oct-81","6,430.0","4,060.9","2,369.1"
"Nov-81","6,417.1","4,061.9","2,355.2"
"Dec-81","6,430.3","4,067.1","2,363.2"
"Jan-82","6,467.7","4,096.1","2,371.6"
"Feb-82","6,450.6","4,087.7","2,362.9"
"Mar-82","6,443.6","4,082.4","2,361.2"
"Apr-82","6,456.0","4,086.8","2,369.1"
"May-82","6,433.1","4,074.2","2,358.9"
"Jun-82","6,420.9","4,067.1","2,353.8"
"Jul-82","6,420.0","4,065.5","2,354.5"
"Aug-82","6,416.7","4,051.1","2,365.6"
"Sep-82","6,400.9","4,048.8","2,352.1"
"Oct-82","6,403.0","4,044.5","2,358.5"
"Nov-82","6,345.9","4,007.6","2,338.2"
"Dec-82","6,295.8","3,962.4","2,333.3"
"Jan-83","6,294.4","3,956.3","2,338.1"
"Feb-83","6,289.6","3,952.0","2,337.6"
"Mar-83","6,256.2","3,925.8","2,330.4"
"Apr-83","6,232.9","3,918.1","2,314.8"
"May-83","6,264.1","3,925.0","2,339.1"
"Jun-83","6,271.3","3,926.6","2,344.7"
"Jul-83","6,277.0","3,921.4","2,355.6"
"Aug-83","6,283.3","3,929.5","2,353.8"
"Sep-83","6,316.8","3,954.5","2,362.3"
"Oct-83","6,317.4","3,951.1","2,366.3"
"Nov-83","6,354.4","3,968.8","2,385.6"
"Dec-83","6,379.1","3,987.0","2,392.1"
"Jan-84","6,377.1","3,988.6","2,388.5"
"Feb-84","6,392.2","4,004.3","2,388.0"
"Mar-84","6,448.0","4,035.5","2,412.5"
"Apr-84","6,454.1","4,027.9","2,426.2"
"May-84","6,479.7","4,039.9","2,439.9"
"Jun-84","6,501.8","4,048.1","2,453.7"
"Jul-84","6,510.8","4,056.8","2,454.0"
"Aug-84","6,508.3","4,046.3","2,461.9"
"Sep-84","6,538.0","4,049.0","2,489.0"
"Oct-84","6,534.8","4,050.3","2,484.5"
"Nov-84","6,550.2","4,064.9","2,485.3"
"Dec-84","6,553.9","4,055.0","2,498.8"
"Jan-85","6,564.0","4,060.9","2,503.1"
"Feb-85","6,626.2","4,089.5","2,536.7"
"Mar-85","6,601.4","4,078.5","2,522.9"
"Apr-85","6,611.4","4,089.8","2,521.6"
"May-85","6,646.4","4,101.4","2,545.0"
"Jun-85","6,660.3","4,101.6","2,558.7"
"Jul-85","6,685.7","4,104.3","2,581.3"
"Aug-85","6,727.7","4,141.7","2,586.0"
"Sep-85","6,771.7","4,172.5","2,599.2"
"Oct-85","6,756.3","4,152.1","2,604.2"
"Nov-85","6,855.4","4,209.9","2,645.5"
"Dec-85","6,822.6","4,180.4","2,642.2"
"Jan-86","6,871.3","4,207.7","2,663.6"
"Feb-86","6,892.2","4,206.9","2,685.4"
"Mar-86","6,903.0","4,217.6","2,685.4"
"Apr-86","6,971.4","4,230.7","2,740.7"
"May-86","6,965.2","4,227.1","2,738.1"
"Jun-86","7,005.5","4,261.0","2,744.5"
"Jul-86","6,987.6","4,229.7","2,757.9"
"Aug-86","6,969.5","4,235.4","2,734.0"
"Sep-86","6,994.3","4,242.5","2,751.7"
"Oct-86","7,018.9","4,235.1","2,783.8"
"Nov-86","7,008.2","4,228.1","2,780.1"
"Dec-86","7,024.5","4,244.5","2,780.0"
"Jan-87","7,026.0","4,239.8","2,786.2"
"Feb-87","7,056.6","4,251.1","2,805.5"
"Mar-87","7,070.5","4,269.3","2,801.2"
"Apr-87","7,084.7","4,270.8","2,813.9"
"May-87","7,089.9","4,270.3","2,819.6"
"Jun-87","7,125.6","4,294.7","2,830.9"
"Jul-87","7,171.2","4,321.6","2,849.6"
"Aug-87","7,149.8","4,311.1","2,838.7"
"Sep-87","7,137.6","4,294.2","2,843.3"
"Oct-87","7,167.3","4,291.8","2,875.5"
"Nov-87","7,157.4","4,293.6","2,863.8"
"Dec-87","7,234.8","4,341.5","2,893.2"
"Jan-88","7,296.7","4,375.0","2,921.6"
"Feb-88","7,282.1","4,366.9","2,915.1"
"Mar-88","7,329.9","4,394.9","2,935.1"
"Apr-88","7,360.0","4,407.6","2,952.4"
"May-88","7,343.1","4,396.5","2,946.7"
"Jun-88","7,360.8","4,407.5","2,953.3"
"Jul-88","7,378.0","4,425.2","2,952.8"
"Aug-88","7,408.7","4,418.5","2,990.2"
"Sep-88","7,451.2","4,438.5","3,012.7"
"Oct-88","7,466.5","4,448.6","3,017.9"
"Nov-88","7,487.9","4,470.7","3,017.2"
"Dec-88","7,521.5","4,478.5","3,042.9"
"Jan-89","7,552.8","4,485.2","3,067.6"
"Feb-89","7,605.4","4,510.8","3,094.6"
"Mar-89","7,624.1","4,520.8","3,103.3"
"Apr-89","7,655.8","4,545.2","3,110.6"
"May-89","7,711.3","4,564.8","3,146.5"
"Jun-89","7,710.8","4,564.1","3,146.7"
"Jul-89","7,735.4","4,581.8","3,153.6"
"Aug-89","7,774.9","4,595.5","3,179.4"
"Sep-89","7,783.7","4,591.3","3,192.4"
"Oct-89","7,792.1","4,597.3","3,194.7"
"Nov-89","7,844.7","4,626.4","3,218.4"
"Dec-89","7,829.8","4,603.6","3,226.2"
"Jan-90","7,838.9","4,615.0","3,223.8"
"Feb-90","7,846.6","4,606.3","3,240.3"
"Mar-90","7,861.4","4,609.6","3,251.8"
"Apr-90","7,866.1","4,612.4","3,253.7"
"May-90","7,899.4","4,628.7","3,270.7"
"Jun-90","7,900.2","4,627.4","3,272.8"
"Jul-90","7,898.3","4,612.6","3,285.6"
"Aug-90","7,869.4","4,601.5","3,267.9"
"Sep-90","7,844.2","4,593.8","3,250.3"
"Oct-90","7,829.8","4,573.6","3,256.2"
"Nov-90","7,810.0","4,553.2","3,256.7"
"Dec-90","7,813.0","4,551.6","3,261.4"
"Jan-91","7,748.2","4,514.4","3,233.8"
"Feb-91","7,758.1","4,515.7","3,242.4"
"Mar-91","7,701.6","4,478.6","3,223.0"
"Apr-91","7,696.0","4,462.2","3,233.8"
"May-91","7,693.9","4,464.1","3,229.8"
"Jun-91","7,659.0","4,435.0","3,223.9"
"Jul-91","7,630.8","4,414.5","3,216.3"
"Aug-91","7,635.5","4,420.1","3,215.4"
"Sep-91","7,645.2","4,423.3","3,221.9"
"Oct-91","7,616.3","4,410.9","3,205.4"
"Nov-91","7,597.2","4,409.5","3,187.7"
"Dec-91","7,616.9","4,406.2","3,210.7"
"Jan-92","7,633.6","4,407.7","3,225.9"
"Feb-92","7,650.3","4,417.4","3,232.8"
"Mar-92","7,631.1","4,408.5","3,222.6"
"Apr-92","7,624.5","4,408.3","3,216.2"
"May-92","7,620.9","4,403.9","3,217.0"
"Jun-92","7,633.6","4,404.1","3,229.5"
"Jul-92","7,651.3","4,407.1","3,244.2"
"Aug-92","7,671.2","4,417.7","3,253.6"
"Sep-92","7,635.2","4,397.7","3,237.5"
"Oct-92","7,644.4","4,400.2","3,244.2"
"Nov-92","7,569.5","4,347.8","3,221.6"
"Dec-92","7,599.6","4,373.4","3,226.2"
"Jan-93","7,651.2","4,397.8","3,253.5"
"Feb-93","7,582.1","4,358.7","3,223.4"
"Mar-93","7,631.5","4,393.3","3,238.3"
"Apr-93","7,612.5","4,378.8","3,233.7"
"May-93","7,613.2","4,382.3","3,230.8"
"Jun-93","7,626.2","4,395.6","3,230.6"
"Jul-93","7,628.2","4,399.6","3,228.6"
"Aug-93","7,651.9","4,397.7","3,254.2"
"Sep-93","7,670.3","4,413.1","3,257.2"
"Oct-93","7,719.3","4,431.1","3,288.2"
"Nov-93","7,729.8","4,441.5","3,288.3"
"Dec-93","7,745.5","4,449.7","3,295.9"
"Jan-94","7,765.3","4,464.8","3,300.5"
"Feb-94","7,789.9","4,466.2","3,323.7"
"Mar-94","7,808.9","4,477.7","3,331.2"
"Apr-94","7,811.7","4,489.1","3,322.7"
"May-94","7,853.3","4,508.2","3,345.1"
"Jun-94","7,875.5","4,524.9","3,350.6"
"Jul-94","7,948.3","4,559.7","3,388.6"
"Aug-94","7,932.7","4,554.5","3,378.3"
"Sep-94","7,981.4","4,564.7","3,416.7"
"Oct-94","7,978.5","4,576.6","3,401.9"
"Nov-94","7,990.2","4,576.4","3,413.8"
"Dec-94","8,034.3","4,604.4","3,429.9"
"Jan-95","8,048.1","4,612.1","3,436.0"
"Feb-95","8,099.2","4,647.1","3,452.1"
"Mar-95","8,102.4","4,636.3","3,466.1"
"Apr-95","8,160.1","4,656.7","3,503.3"
"May-95","8,166.1","4,648.5","3,517.7"
"Jun-95","8,201.1","4,659.2","3,541.9"
"Jul-95","8,207.8","4,662.3","3,545.5"
"Aug-95","8,236.9","4,686.7","3,550.2"
"Sep-95","8,224.4","4,689.3","3,535.1"
"Oct-95","8,214.3","4,660.3","3,554.0"
"Nov-95","8,288.2","4,706.1","3,582.1"
"Dec-95","8,289.5","4,700.7","3,588.8"
"Jan-96","8,288.0","4,699.3","3,588.7"
"Feb-96","8,293.0","4,717.5","3,575.5"
"Mar-96","8,266.4","4,685.9","3,580.4"
"Apr-96","8,296.4","4,714.6","3,581.8"
"May-96","8,301.6","4,722.3","3,579.3"
"Jun-96","8,305.4","4,726.8","3,578.6"
"Jul-96","8,307.6","4,725.4","3,582.2"
"Aug-96","8,302.4","4,721.5","3,580.9"
"Sep-96","8,295.6","4,717.7","3,577.9"
"Oct-96","8,301.8","4,708.2","3,593.6"
"Nov-96","8,300.8","4,720.4","3,580.4"
"Dec-96","8,324.4","4,725.4","3,599.0"
"Jan-97","8,335.6","4,730.8","3,604.8"
"Feb-97","8,335.1","4,717.5","3,617.6"
"Mar-97","8,338.0","4,725.8","3,612.3"
"Apr-97","8,330.9","4,719.8","3,611.1"
"May-97","8,335.0","4,724.4","3,610.6"
"Jun-97","8,336.3","4,732.8","3,603.4"
"Jul-97","8,347.2","4,725.0","3,622.2"
"Aug-97","8,333.8","4,721.6","3,612.2"
"Sep-97","8,395.8","4,746.2","3,649.7"
"Oct-97","8,389.0","4,754.9","3,634.1"
"Nov-97","8,447.4","4,789.7","3,657.7"
"Dec-97","8,432.9","4,781.7","3,651.2"
"Jan-98","8,440.1","4,792.3","3,647.8"
"Feb-98","8,453.4","4,793.5","3,659.9"
"Mar-98","8,456.3","4,791.7","3,664.6"
"Apr-98","8,488.7","4,804.0","3,684.6"
"May-98","8,486.8","4,801.1","3,685.7"
"Jun-98","8,506.7","4,802.1","3,704.7"
"Jul-98","8,519.1","4,796.4","3,722.7"
"Aug-98","8,531.3","4,797.3","3,734.1"
"Sep-98","8,574.9","4,842.0","3,732.9"
"Oct-98","8,585.6","4,837.8","3,747.8"
"Nov-98","8,564.5","4,837.1","3,727.4"
"Dec-98","8,586.2","4,832.7","3,753.5"
"Jan-99","8,586.1","4,846.0","3,740.2"
"Feb-99","8,594.5","4,856.2","3,738.2"
"Mar-99","8,621.0","4,880.4","3,740.6"
"Apr-99","8,622.8","4,870.9","3,751.9"
"May-99","8,610.9","4,861.8","3,749.1"
"Jun-99","8,662.1","4,895.8","3,766.3"
"Jul-99","8,680.2","4,896.0","3,784.2"
"Aug-99","8,688.3","4,903.0","3,785.3"
"Sep-99","8,701.5","4,901.7","3,799.8"
"Oct-99","8,741.6","4,909.5","3,832.1"
"Nov-99","8,751.7","4,917.9","3,833.9"
"Dec-99","8,786.0","4,922.9","3,863.1"
"Jan-00","8,738.1","4,913.5","3,824.6"
"Feb-00","8,789.1","4,944.7","3,844.5"
"Mar-00","8,837.1","4,951.6","3,885.5"
"Apr-00","8,874.0","4,970.0","3,904.0"
"May-00","8,870.1","4,965.1","3,905.0"
"Jun-00","8,910.3","4,979.1","3,931.3"
"Jul-00","8,992.2","5,015.2","3,977.0"
"Aug-00","8,989.2","4,995.2","3,994.0"
"Sep-00","8,985.4","5,012.1","3,973.3"
"Oct-00","8,960.6","4,997.6","3,963.0"
"Nov-00","8,903.2","4,981.2","3,922.1"
"Dec-00","8,944.6","4,989.8","3,954.8"
"Jan-01","8,953.8","4,995.5","3,958.3"
"Feb-01","8,954.3","4,985.1","3,969.1"
"Mar-01","8,964.0","4,970.9","3,993.1"
"Apr-01","9,014.9","4,993.7","4,021.2"
"May-01","9,008.1","4,997.9","4,010.2"
"Jun-01","9,005.0","4,992.6","4,012.3"
"Jul-01","9,024.7","5,013.2","4,011.5"
"Aug-01","9,047.1","5,019.6","4,027.5"
"Sep-01","9,027.0","5,017.6","4,009.4"
"Oct-01","9,046.1","5,024.2","4,021.9"
"Nov-01","9,078.6","5,036.8","4,041.8"
"Dec-01","9,065.1","5,038.0","4,027.1"
"Jan-02","9,086.7","5,037.8","4,048.9"
"Feb-02","9,127.0","5,070.9","4,056.1"
"Mar-02","9,132.3","5,068.9","4,063.4"
"Apr-02","9,119.6","5,073.3","4,046.3"
"May-02","9,135.3","5,088.8","4,046.5"
"Jun-02","9,161.3","5,105.4","4,055.9"
"Jul-02","9,167.3","5,101.0","4,066.4"
"Aug-02","9,224.3","5,111.7","4,112.6"
"Sep-02","9,226.0","5,110.4","4,115.6"
"Oct-02","9,234.8","5,111.2","4,123.6"
"Nov-02","9,284.1","5,139.4","4,144.7"
"Dec-02","9,327.7","5,152.5","4,175.2"
"Jan-03","9,381.1","5,165.9","4,215.2"
"Feb-03","9,406.1","5,182.9","4,223.2"
"Mar-03","9,359.8","5,174.5","4,185.3"
"Apr-03","9,358.0","5,153.6","4,204.4"
"May-03","9,375.7","5,163.5","4,212.2"
"Jun-03","9,352.3","5,152.9","4,199.4"
"Jul-03","9,343.4","5,157.7","4,185.8"
"Aug-03","9,400.4","5,195.3","4,205.1"
"Sep-03","9,408.6","5,205.9","4,202.7"
"Oct-03","9,432.1","5,224.4","4,207.7"
"Nov-03","9,428.5","5,229.4","4,199.1"
"Dec-03","9,460.2","5,258.2","4,202.0"
"Jan-04","9,461.8","5,265.7","4,196.1"
"Feb-04","9,465.5","5,265.2","4,200.4"
"Mar-04","9,499.0","5,268.5","4,230.5"
"Apr-04","9,508.8","5,271.3","4,237.5"
"May-04","9,524.8","5,285.7","4,239.1"
"Jun-04","9,529.7","5,289.2","4,240.5"
"Jul-04","9,538.2","5,286.3","4,251.9"
"Aug-04","9,535.3","5,269.4","4,265.9"
"Sep-04","9,591.6","5,309.1","4,282.5"
"Oct-04","9,645.6","5,325.3","4,320.3"
"Nov-04","9,683.7","5,346.6","4,337.1"
"Dec-04","9,692.7","5,347.4","4,345.2"
"Jan-05","9,743.8","5,378.3","4,365.5"
"Feb-05","9,775.1","5,390.1","4,385.0"
"Mar-05","9,816.5","5,411.7","4,404.7"
"Apr-05","9,855.2","5,439.0","4,416.2"
"May-05","9,839.3","5,426.7","4,412.6"
"Jun-05","9,885.6","5,450.3","4,435.3"
"Jul-05","9,900.5","5,450.0","4,450.5"
"Aug-05","9,944.5","5,475.2","4,469.3"
"Sep-05","9,928.3","5,466.8","4,461.5"
"Oct-05","9,932.8","5,458.7","4,474.2"
"Nov-05","9,942.7","5,465.6","4,477.1"
"Dec-05","9,957.6","5,471.4","4,486.2"
"Jan-06","9,955.5","5,466.1","4,489.4"
"Feb-06","9,992.8","5,496.8","4,496.1"
"Mar-06","10,034.5","5,522.2","4,512.3"
"Apr-06","10,041.5","5,522.1","4,519.5"
"May-06","10,069.5","5,520.7","4,548.9"
"Jun-06","10,109.3","5,547.2","4,562.1"
"Jul-06","10,161.3","5,573.0","4,588.2"
"Aug-06","10,179.4","5,583.0","4,596.4"
"Sep-06","10,223.3","5,603.4","4,619.8"
"Oct-06","10,195.6","5,597.9","4,597.7"
"Nov-06","10,229.9","5,612.4","4,617.5"
"Dec-06","10,282.4","5,647.4","4,635.0"
"Jan-07","10,276.1","5,641.2","4,634.9"
"Feb-07","10,307.9","5,660.1","4,647.7"
"Mar-07","10,337.2","5,687.1","4,650.1"
"Apr-07","10,366.2","5,702.9","4,663.3"
"May-07","10,402.1","5,719.7","4,682.4"
"Jun-07","10,424.3","5,743.0","4,681.3"
"Jul-07","10,447.1","5,745.2","4,701.9"
"Aug-07","10,484.6","5,762.7","4,721.9"
"Sep-07","10,513.6","5,770.3","4,743.4"
"Oct-07","10,504.0","5,753.1","4,750.8"
"Nov-07","10,561.8","5,791.9","4,770.0"
"Dec-07","10,582.2","5,796.1","4,786.2"
"Jan-08","10,614.1","5,827.6","4,786.6"
"Feb-08","10,648.9","5,844.3","4,804.6"
"Mar-08","10,670.0","5,845.8","4,824.2"
"Apr-08","10,708.5","5,852.7","4,855.8"
"May-08","10,680.6","5,850.4","4,830.2"
"Jun-08","10,733.3","5,891.0","4,842.4"
"Jul-08","10,751.5","5,886.2","4,865.3"
"Aug-08","10,793.6","5,909.1","4,884.5"
"Sep-08","10,777.8","5,910.6","4,867.2"
"Oct-08","10,787.3","5,911.6","4,875.6"
"Nov-08","10,781.4","5,900.7","4,880.7"
"Dec-08","10,789.0","5,892.8","4,896.2"
"Jan-09","10,791.7","5,874.1","4,917.6"
"Feb-09","10,804.5","5,873.7","4,930.7"
"Mar-09","10,770.9","5,854.6","4,916.3"
"Apr-09","10,794.3","5,864.8","4,929.5"
"May-09","10,773.2","5,843.1","4,930.1"
"Jun-09","10,755.2","5,839.8","4,915.4"
"Jul-09","10,799.4","5,865.2","4,934.3"
"Aug-09","10,789.5","5,879.2","4,910.3"
"Sep-09","10,810.2","5,894.4","4,915.8"
"Oct-09","10,820.5","5,892.0","4,928.5"
"Nov-09","10,851.2","5,903.3","4,947.9"
"Dec-09","10,887.2","5,934.0","4,953.2"
"Jan-10","10,936.4","5,971.8","4,964.7"
"Feb-10","10,920.2","5,968.4","4,951.8"
"Mar-10","10,925.9","5,956.8","4,969.1"
"Apr-10","10,937.3","5,976.3","4,961.0"
"May-10","10,939.3","5,969.7","4,969.7"
"Jun-10","10,992.9","6,001.6","4,991.2"
"Jul-10","11,019.1","6,011.0","5,008.1"
"Aug-10","11,061.1","6,045.0","5,016.0"
"Sep-10","11,087.5","6,061.1","5,026.4"
"Oct-10","11,104.5","6,066.7","5,037.8"
"Nov-10","11,163.6","6,101.5","5,062.1"
"Dec-10","11,169.2","6,106.7","5,062.5"
"Jan-11","11,199.8","6,129.7","5,070.0"
"Feb-11","11,175.4","6,109.0","5,066.5"
"Mar-11","11,215.4","6,118.0","5,097.4"
"Apr-11","11,182.2","6,089.9","5,092.3"
"May-11","11,173.2","6,090.4","5,082.8"
"Jun-11","11,205.7","6,094.0","5,111.7"
"Jul-11","11,209.8","6,092.4","5,117.4"
"Aug-11","11,218.9","6,095.5","5,123.4"
"Sep-11","11,246.3","6,106.1","5,140.2"
"Oct-11","11,249.4","6,106.7","5,142.6"
"Nov-11","11,253.1","6,120.1","5,133.0"
"Dec-11","11,231.9","6,124.8","5,107.1"
"Jan-12","11,305.0","6,163.4","5,141.6"
"Feb-12","11,270.6","6,131.7","5,138.9"
"Mar-12","11,333.7","6,142.3","5,191.5"
"Apr-12","11,321.8","6,154.8","5,167.0"
"May-12","11,364.6","6,165.8","5,198.7"
"Jun-12","11,338.6","6,163.4","5,175.2"
"Jul-12","11,348.7","6,150.3","5,198.4"
"Aug-12","11,361.2","6,159.9","5,201.3"
"Sep-12","11,390.4","6,159.0","5,231.4"
"Oct-12","11,391.1","6,186.9","5,204.2"
"Nov-12","11,385.3","6,173.6","5,211.7"
"Dec-12","11,397.1","6,196.1","5,201.0"
"Jan-13","11,463.4","6,220.4","5,243.0"
"Feb-13","11,466.9","6,210.2","5,256.7"
"Mar-13","11,435.4","6,188.0","5,247.4"
"Apr-13","11,467.2","6,201.5","5,265.8"
"May-13","11,458.2","6,212.8","5,245.4"
"Jun-13","11,470.1","6,215.5","5,254.6"
"Jul-13","11,457.5","6,197.8","5,259.7"
"Aug-13","11,460.3","6,197.0","5,263.3"
"Sep-13","11,474.7","6,203.2","5,271.5"
"Oct-13","11,470.6","6,195.3","5,275.3"
"Nov-13","11,449.3","6,187.7","5,261.5"
"Dec-13","11,419.9","6,173.4","5,246.6"
"Jan-14","11,455.4","6,187.6","5,267.9"
"Feb-14","11,478.4","6,194.6","5,283.7"
"Mar-14","11,532.4","6,232.7","5,299.7"
"Apr-14","11,537.9","6,237.1","5,300.8"
"May-14","11,513.4","6,212.0","5,301.4"
"Jun-14","11,528.6","6,216.8","5,311.8"
"Jul-14","11,545.2","6,228.0","5,317.3"
"Aug-14","11,549.2","6,233.1","5,316.1"
"Sep-14","11,546.4","6,225.1","5,321.3"
"Oct-14","11,542.3","6,229.6","5,312.6"
"Nov-14","11,542.7","6,250.9","5,291.8"
"Dec-14","11,600.0","6,262.1","5,337.9"
"Jan-15","11,608.7","6,262.4","5,346.2"
"Feb-15","11,675.1","6,299.8","5,375.3"
"Mar-15","11,693.8","6,320.5","5,373.2"
"Apr-15","11,692.3","6,305.7","5,386.6"
"May-15","11,733.9","6,318.5","5,415.5"
"Jun-15","11,727.6","6,304.8","5,422.7"
"Jul-15","11,760.3","6,326.5","5,433.8"
"Aug-15","11,763.7","6,312.7","5,451.0"
"Sep-15","11,783.2","6,321.2","5,462.0"
"Oct-15","11,860.8","6,359.4","5,501.4"
"Nov-15","11,894.1","6,363.0","5,531.0"
"Dec-15","11,909.4","6,380.2","5,529.2"
"Jan-16","11,910.9","6,390.2","5,520.7"
"Feb-16","11,928.1","6,385.4","5,542.8"
"Mar-16","11,942.0","6,393.0","5,549.1"
"Apr-16","11,948.4","6,384.5","5,563.8"
"May-16","11,942.0","6,391.9","5,550.2"
"Jun-16","11,963.4","6,392.9","5,570.5"
"Jul-16","11,995.0","6,414.9","5,580.1"
"Aug-16","11,955.1","6,393.4","5,561.7"
"Sep-16","11,941.7","6,372.4","5,569.4"
"Oct-16","11,961.1","6,388.8","5,572.3"
"Nov-16","11,987.7","6,399.1","5,588.6"
"Dec-16","12,019.5","6,417.8","5,601.7"
"Jan-17","12,033.9","6,412.4","5,621.5"
"Feb-17","12,017.8","6,416.5","5,601.2"
"Mar-17","12,076.0","6,435.4","5,640.6"
"Apr-17","12,133.2","6,487.6","5,645.6"
"May-17","12,165.1","6,481.6","5,683.5"
"Jun-17","12,198.2","6,484.9","5,713.2"
"Jul-17","12,230.2","6,513.4","5,716.8"
"Aug-17","12,281.6","6,524.2","5,757.4"
"Sep-17","12,321.3","6,537.9","5,783.4"
"Oct-17","12,325.4","6,539.9","5,785.5"
"Nov-17","12,368.4","6,558.4","5,810.0"
"Dec-17","12,400.4","6,561.1","5,839.3"
"Jan-18","12,429.3","6,596.6","5,832.7"
"Feb-18","12,425.9","6,585.5","5,840.4"
"Mar-18","12,442.7","6,583.9","5,858.9"
"Apr-18","12,460.6","6,600.6","5,860.0"
"May-18","12,452.8","6,607.4","5,845.5"
"Jun-18","12,523.3","6,629.9","5,893.4"
"Jul-18","12,518.7","6,650.5","5,868.1"
"Aug-18","12,585.9","6,690.4","5,895.5"
"Sep-18","12,601.0","6,696.4","5,904.5"
"Oct-18","12,624.6","6,697.0","5,927.6"
"Nov-18","12,644.6","6,699.1","5,945.4"
"Dec-18","12,673.4","6,725.0","5,948.4"
"Jan-19","12,714.7","6,741.8","5,972.9"
"Feb-19","12,730.6","6,743.9","5,986.7"
"Mar-19","12,749.3","6,757.8","5,991.5"
"Apr-19","12,785.6","6,759.6","6,026.1"
"May-19","12,792.4","6,800.0","5,992.5"
"Jun-19","12,806.3","6,797.2","6,009.1"
"Jul-19","12,832.1","6,803.2","6,028.9"
"Aug-19","12,882.9","6,815.8","6,067.0"
"Sep-19","12,902.2","6,802.5","6,099.6"
"Oct-19","12,853.3","6,770.1","6,083.2"
"Nov-19","12,874.5","6,778.7","6,095.8"
"Dec-19","12,928.3","6,805.5","6,122.8"
"Jan-20","12,928.2","6,783.0","6,145.2"
"Feb-20","12,936.9","6,798.3","6,138.6"
"Mar-20","12,926.7","6,799.9","6,126.8"
"Apr-20","12,346.6","6,535.3","5,811.3"
"May-20","12,051.1","6,411.2","5,639.9"
"Jun-20","12,282.4","6,502.2","5,780.2"
"Jul-20","12,411.9","6,564.9","5,846.9"
"Aug-20","12,551.1","6,611.2","5,939.9"
"Sep-20","12,517.9","6,586.2","5,931.7"
"Oct-20","12,658.4","6,685.7","5,972.7"
"Nov-20","12,743.1","6,722.1","6,021.0"
"Dec-20","12,802.3","6,741.2","6,061.1"
"Jan-21","12,841.5","6,784.2","6,057.3"
"Feb-21","12,889.3","6,768.4","6,120.9"
"Mar-21","12,956.0","6,789.9","6,166.0"
"Apr-21","12,947.3","6,804.8","6,142.5"
"May-21","13,035.8","6,832.2","6,203.6"
"Jun-21","13,063.7","6,865.2","6,198.6"
"Jul-21","13,081.1","6,888.2","6,193.0"
"Aug-21","12,949.8","6,814.0","6,135.8"
"Sep-21","12,824.1","6,766.5","6,057.6"
"Oct-21","12,779.7","6,755.7","6,023.9"
"Nov-21","13,144.9","6,889.1","6,255.9"
"Dec-21","13,224.3","6,940.8","6,283.5"
"Jan-22","13,299.5","6,937.7","6,361.8"
"Feb-22","13,357.7","6,971.6","6,386.1"
"Mar-22","13,393.3","6,993.3","6,400.0"
"Apr-22","13,447.2","7,027.2","6,420.0"
"May-22","13,482.6","7,064.1","6,418.5"
"Jun-22","13,589.4","7,098.9","6,490.5"
"Jul-22","13,591.2","7,101.8","6,489.4"
"Aug-22","13,661.6","7,137.3","6,524.3"
"Sep-22","13,669.5","7,158.4","6,511.1"
"Oct-22","13,715.0","7,185.2","6,529.9"
"Nov-22","13,781.8","7,197.4","6,584.4"
"Dec-22","13,762.3","7,200.1","6,562.2"
"Jan-23","13,794.9","7,221.7","6,573.1"
"Feb-23","13,832.8","7,244.2","6,588.6"
"Mar-23","13,936.3","7,276.3","6,660.1"
"Apr-23","13,922.6","7,267.4","6,655.2"
"May-23","14,009.4","7,319.1","6,690.4"
"Jun-23","14,036.9","7,333.7","6,703.2"
"Jul-23","14,027.4","7,346.7","6,680.6"
"Aug-23","14,095.7","7,374.9","6,720.8"
"Sep-23","14,091.0","7,348.7","6,742.3"
"Oct-23","14,153.1","7,370.7","6,782.4"
"Nov-23","14,199.7","7,399.2","6,800.5"
"Dec-23","14,131.8","7,369.3","6,762.5"
"Jan-24","14,124.2","7,364.3","6,759.9"
"Feb-24","14,248.5","7,424.9","6,823.6"
"Mar-24","14,235.9","7,436.5","6,799.4"
"Apr-24","14,254.7","7,431.0","6,823.7"
"May-24","14,287.2","7,467.9","6,819.2"
"Jun-24","14,330.8","7,482.4","6,848.3"
"Jul-24","14,377.7","7,489.5","6,888.2"
"Aug-24","14,405.1","7,509.3","6,895.8"
"Sep-24","14,448.0","7,548.8","6,899.3"
"Oct-24","14,449.8","7,553.1","6,896.7"
"Nov-24","14,468.8","7,549.9","6,918.8"
"Dec-24","14,528.1","7,600.7","6,927.3"
"Jan-25","14,561.5","7,586.7","6,974.8"
"Feb-25","14,506.7","7,555.6","6,951.1"
"Mar-25","14,532.3","7,583.8","6,948.5"
"Apr-25","14,618.8","7,599.5","7,019.3"
"May-25","14,615.9","7,582.5","7,033.4"
"Jun-25","14,616.9","7,597.5","7,019.4"
"Jul-25","14,641.4","7,587.4","7,054.0"

"February 1978 to July 2025 estimated monthly, before February 1978 estimated quarterly"
"Source: 6204.0.55.001 Labour Force Historical Timeseries, Australia, 1966-1984, Seasonally adjusted estimates of the labour force by sex and marital status - 1966-1977 and 6202.0 Labour Force, Australia, Table 1"

"Source: Australian Bureau of Statistics, Labour Force, Australia July 2025"